Merge commit,Parent 1,Parent 2
ff5d87bb8168e8e248a4fc3928890d5d6c744903,88f5c75adcfb91f79a086f0f226099e8b1272b6f,fae90caf113004207b17e1172eebc4ed90bfc415
cdc0b94b980a3daa4121a1d3bea2b05fcf7abb54,6bf7cf57e19314db01c5c1528399b2a205db64e4,fb56ceafc620362d59e11dff8f00ea3912d13172
ebc6f5f101fed8d817bffaaab68013608eba8b6f,e6a091c897d1988a568d27666177785d1d1dbdc1,8937db07bcf5680904bd096b8cfabacb433101e7
6884614a94aa201e6a3c6b07355d08099ab2f715,9d6022c28776309fed2f0f3cd2400db12cc094e2,c1905d50594bc8d97d4ab6c7063c309138575ad0
f7d37e9acbdaf820dc44326030ccf95568419d86,ccc59ddf85768649612067a36a2a77fba89ae834,2958106a65a287f9a27a9fe691a9b6434490dae7
b37e49102868a77d670a665de3f1458b9c0b2acf,7d475354e2a9c26283949c17fa042c5c52afb654,9b8c4b57aa943d432ee2a15671492d18e8b96694
4cbe07f1e1c3a45b6562564d4ff5bfba0b402520,e9625532658c847be2243b29d63b77171490203e,bd4da09cc4173ab1acb2277d9a8bd3b3491bf95c
06eae7cc3cef50b92fea55a8ca6fcfd65d3a6b08,3f93fedfb53395a56e591c1af96f8ff3ef2367b6,ef0fc08f790fa14328a562511d7083dd9c6dcaf3
d54f54f6fdab985fea07babde8afbcb5df08ec62,070cffaeb2b4cf16d5164b87d65ae1290bc01dc6,68c5051d50bb373965c3618a5e2355feb6599292
61139106bf7d8f7bdc3a08788d18526261ca5a25,216d8997ddb5b5754c491a4312f6ab625e2c1a90,d54f54f6fdab985fea07babde8afbcb5df08ec62
f55fa789b5c7513e62d6d28d639ec84fb3403f04,03bb2facc2f4392c8d6282a008f3203bbc95fa5d,289de4abfda19a4bdaa72a103f1c9a350bf45843
603d74b7324d515314a700d90e7c34754a0e0cb6,7687e8c628c112ef119b43a39404983266c13950,d63558bc52cab3c30861c78ff8fbbb7436dc2821
20e29782c81cbbbac1b3e2abbd1db2ff7548602d,317abb063ba3ff8582f09ea8d0a6f6c69f9c1e0e,603d74b7324d515314a700d90e7c34754a0e0cb6
7a7cdf8483632580da223a7ea8fb9321aedeb74b,20e29782c81cbbbac1b3e2abbd1db2ff7548602d,82a40e82c84b55df1ee4d8043fef680649b74607
eda962578604a8e71b1d469b6d9c5a877b28899f,bd42969ae11b1fce17f78b293b0a741a23fc3745,f8786ceb5b55cc7f0f4af8627b903a5eecbca07d
6d9ce5367bfdf55e6d3914bbd8b9f0e26879155e,eda962578604a8e71b1d469b6d9c5a877b28899f,eccf3082b867d5c089e38b9d3fcff5b47dd0a97e
e302df5b9564404600123b40e8531cf63d2e202b,1cbfb94d8688df7c649594749e9a69d8480c5452,fd5e247c595c7e5f9ec3def4d47addfd69a31692
640a1cbb56c1191804dbb833a10ebd23072c8e27,e302df5b9564404600123b40e8531cf63d2e202b,b22f6dae4f81041f2ef751ccfc55dd185aa9ba4f
6fd34ac357427a78cea22d515617a70122a63731,5a11cc81429f752ab389c1ed84d8a71efeaac7c0,9ae515a930aa07cb505d0892aef4819785bf2cf2
fbc09b61de11de2596fd6ddc540ec67e5990cc6a,9861d701cdbe5705e579edd955315a50a60ca5cb,3f1664c32266f46a8a61e8c45efe83a81be42931
8957e6ae34acbb72adea63e0f192ea7469b09c4a,72eee4575386f0a023e7e35567f7ad6980de8c10,fbc09b61de11de2596fd6ddc540ec67e5990cc6a
64ce176250e3d055cb67d97bc56d2268cb9688d4,cfb4d74002c05793673d85e09c3e71b16ea1f960,85fc9df2773f6685b134194edab16bce8dd3f0f1
9e56c39703a3245a7ecc4510c0ea104d2a8d72f6,cfb4d74002c05793673d85e09c3e71b16ea1f960,eaa6037e0c46f90126f71e5d344ae5c63094a218
6958969944d0f78ad3241855edb143e7166367b6,04d70e77fc396f425652117183a1cc706d24cc64,cfb4d74002c05793673d85e09c3e71b16ea1f960
7a0d09f7c18c26be032c7817a6aeb7e6dcee4dba,1caccc8dcea0dd32646c6701681db9608c37b432,6958969944d0f78ad3241855edb143e7166367b6
ee5d45b2b2891412088dacf67d0d176b8c541409,833ed52d63a8eff0b6ba5ceda87f861b3025625b,7a0d09f7c18c26be032c7817a6aeb7e6dcee4dba
30c0d78ebae33a40158d01688d300da9bc748b7e,4af874ba703d4ff6afe6335c3a93647ba4847c64,ee5d45b2b2891412088dacf67d0d176b8c541409
f47d87f6398666eb3867131188efa67e4fccf2aa,4f509ebdb178bdc5a2c85f59bfb96f3f02c6b22b,4e8cbd16f9af77861a0efbaad81be97224d40aeb
a71048436185b015ce9758d8e53b163c98463248,457de818e48dede869798404d49150872be2e7c3,5499a1c1c313475a26413f07be08fc6a538b5180
070694ff791b16a9f9978c2aa40a091048a569d6,6a85283094f0366dda800529d0fef7644a12c2cb,a71048436185b015ce9758d8e53b163c98463248
e1ae788ee856b30cc49dcf2be050d23947f17081,b034652c275da8abfe1582029b5e183371149f5b,070694ff791b16a9f9978c2aa40a091048a569d6
5778be58ec6973a8d77f9ca28af3d2182d56f651,e1ae788ee856b30cc49dcf2be050d23947f17081,8c292e1e7b69402c3b1b2e7a1a5d7a367b38d07a
a50bc0c6611d5bf07b5d36f59a0ad18168a605b5,e7f79151364b904d74aa3c60e0f5e38317caa847,d83adda9fbafa4463515038281502ced7e31055b
dea425915fe98c108e42ad23dc76175c865390e5,07064b70947c726feb0a4e364b8235d84fc082b1,e3ef89d38e2373f475cbd138a26fd2607833969a
9e21fe643cb695e24629406bb6a7d145cf4c1749,d8c58c96ea783e9147a25eef79b3c33b9d8cb5a2,dea425915fe98c108e42ad23dc76175c865390e5
24069bee71b816027813847910554a02446dcf61,35609f54bf47d643e974c664db7ae3331910fb31,9e21fe643cb695e24629406bb6a7d145cf4c1749
36a99d31664f679b02ad77897e93e558d6890d1e,523eb8d5034436ecddb4a490e006e2d6ec71b849,24069bee71b816027813847910554a02446dcf61
3b0f1c8623eacbb96ef1dd99552d21afddc1cc4a,7680c695d0064f0fa555793dcd0d2e8ccb52374d,36a99d31664f679b02ad77897e93e558d6890d1e
8a838c53a8056145c74ad9640675c8a3c4150f9c,3b0f1c8623eacbb96ef1dd99552d21afddc1cc4a,3932bcba9a4e3ce32ae08a38b4a84908ae0546f4
2cd5558f8f860c0f0e527e892a8e57e2c772a0fd,fba64655ef6bd71bf3c85238ec39b5ed5d10cd27,3b0f1c8623eacbb96ef1dd99552d21afddc1cc4a
f130ac8506029527337caf8e692bde1c2f0ea9ea,62872b13ee2b551bff490b25e3ecec7c234a37de,952699e083d794b01ef770f8beafd7b0ebcfd5a1
309e13cfe894689058b911fc567bf333924484eb,7d977413cc5fef1d41698f85898d3ae97aec3a7c,62872b13ee2b551bff490b25e3ecec7c234a37de
014865ee7f5d3cf50fd39730616a6543ac747b3d,309e13cfe894689058b911fc567bf333924484eb,f130ac8506029527337caf8e692bde1c2f0ea9ea
d225d8b4797ff125e7d915ee4ec235306d12d9bf,ca5ca555de06b17d85db18506225e0f89b10805a,309e13cfe894689058b911fc567bf333924484eb
94caeaecb5e290471834817ad5c5897226eef153,d225d8b4797ff125e7d915ee4ec235306d12d9bf,014865ee7f5d3cf50fd39730616a6543ac747b3d
b232096258a1309f12cddf2b159f62f714014ca8,799281c6b25963c2bf22c856e09004dd9c3861ed,d225d8b4797ff125e7d915ee4ec235306d12d9bf
4a469388b22cde1c1a046ab1e45b58e29e3f9ff1,a8e4e2585a48a42ea41c2d0a3a0592c35973c2bf,b232096258a1309f12cddf2b159f62f714014ca8
ed5e3c1c576f99763ed0522a2f92cfe469500c98,4a469388b22cde1c1a046ab1e45b58e29e3f9ff1,94caeaecb5e290471834817ad5c5897226eef153
f2d5948ef8b5d38d08aa7ce47f6914269f047467,272aa21b3159557072b02fa3848f80bd9b72351f,ed5e3c1c576f99763ed0522a2f92cfe469500c98
7abe7a428f5fa0fe8a29e329b781045f982cf55d,40e1d90cbc15c0981c5bbb0e8cc432206d0f4f35,272aa21b3159557072b02fa3848f80bd9b72351f
2720b38e4cb7c21a4af13e672fb722325f0c00d2,33e539aa3706a8f02ecd9afe848e42b6cad04ef1,f2d5948ef8b5d38d08aa7ce47f6914269f047467
2935fc0a1acbe2ebaeb2b6593d483e82808af508,8fc5bf43b932204563f3282a502bb06f0389c341,2720b38e4cb7c21a4af13e672fb722325f0c00d2
9a49a03bf216f8ba8b3792f459d89325ea037b19,15b710d17f7050cbee70c49b3bee4a6c92fb0ff3,2935fc0a1acbe2ebaeb2b6593d483e82808af508
89c2c8784d2c0c37ef0298fb75ad01b900008968,86e01679a305cebd451d17f1412b80c899895951,9a49a03bf216f8ba8b3792f459d89325ea037b19
6c1d670eaf1ae3636bc6e3f954bd03448e2625a5,b6f438983fe9f8cb4f72ad394e773947e024356d,86e01679a305cebd451d17f1412b80c899895951
2509ae570cf3fb1cf187b926667e18de8b3f9367,bb380d22295169b80eb2fd4e35f92c83a74322f5,6c1d670eaf1ae3636bc6e3f954bd03448e2625a5
5b4a6e1128e5d9d556b8fca92f47701d4e3ccbdc,de6679250549f11610e58d0dbabb14d08a1e2bb8,2509ae570cf3fb1cf187b926667e18de8b3f9367
efeea57d50f0a95296c72f90d1bc0a26b797a0cd,b1f15e00500e8e5bfa5346403259b3e08acdaeab,5b4a6e1128e5d9d556b8fca92f47701d4e3ccbdc
ec5295554a969528b7868c1022e9337970b2f54a,99b53e0ddc011d8f834be0fd94af11bd09ecf324,efeea57d50f0a95296c72f90d1bc0a26b797a0cd
4c3ecdb8968f19102da1d549240fb688ba7de8d9,ec5295554a969528b7868c1022e9337970b2f54a,b0d0e13a2228f8f9d4033c2bf3ec6f10e6361bc4
12c69647bdc3b138ae0469e9885ebed3da576096,235403a67dc2fb335b1f53dd4a789e0ec27cb88d,4c3ecdb8968f19102da1d549240fb688ba7de8d9
62765c79a90915f4b09094ce7f2ff667d24c570e,5edc78124739557517a267ae8be1834b4b666312,12c69647bdc3b138ae0469e9885ebed3da576096
1b1c5eaab384cecdc498e64588646114daaa3de3,1d0d954b7746615c22275619549424b71bd8c187,62765c79a90915f4b09094ce7f2ff667d24c570e
1d0970cfff9dc46cc4ff34b2bcf95972aec6099d,2ee63ca5ff74c0127bfe8bd95a0c304864d5c8c9,1b1c5eaab384cecdc498e64588646114daaa3de3
8039dec1956cad6020407dd3ff10bb657eee6f64,5b4a6e1128e5d9d556b8fca92f47701d4e3ccbdc,e4a651bffa31d0f2cbc70be9d212577ebca9a9b1
b1ddd713e67f433964de0f1cc8eff8c90482a4a4,f5fa81ac5d08648ccc090dccce3c809a057ee354,659b2a96203de77908269cf63ffea6a2d4649679
e4018f459cd46d2675c2e3176ee96e0087342c5f,b1ddd713e67f433964de0f1cc8eff8c90482a4a4,8039dec1956cad6020407dd3ff10bb657eee6f64
caabb0e5b6f8938afe508e5e05ddc33ca87ba1a8,37b58a5fa5d8052f585a10f285b00b9324b05d97,10b2580d6a250838fe99f3ae4813cff4f3464cac
515a3f19aa7b17dd05ac6043aeeffb75ef6f8d71,d56bb80be25d87b52a96ae9bb2e8dc63ecb9cb44,4ca464e07226eeed25bc86baaa58f1d94c6a1e70
6257c1a76e1ac466309427c2014cb6d5fba10c68,caabb0e5b6f8938afe508e5e05ddc33ca87ba1a8,515a3f19aa7b17dd05ac6043aeeffb75ef6f8d71
51dc1d513326532a7a952db29a92dd74c0ceef42,3bbb09d2ec4629758e6c4cf2690e15bbe91b9cc1,6257c1a76e1ac466309427c2014cb6d5fba10c68
5fe6b171c9aa1c71d4f317d5d10cb7d59aad6c11,552bcc90d1e93c8111cf3f0e3d2056a0a03f0fb9,caabb0e5b6f8938afe508e5e05ddc33ca87ba1a8
d31bff26159d3a898396510245d5a76420d407bc,ef2ed87bc94e071e3766042c9e2a7bd829d9c3ce,e4018f459cd46d2675c2e3176ee96e0087342c5f
74b7d8077d80cd90e8c14db01f3bf7001e1a4a32,dd3a3382c48b9bf9ccfe1783fd828c8fcba186f8,4de5c805939f046bb205d9da6405028cbc150350
0c7deb4b63a4ad9c752b273f137e926ce6e194e5,0be28889524faec7310a2447a45fd1c1ad4268ba,74b7d8077d80cd90e8c14db01f3bf7001e1a4a32
056576d4f80d6dcbd8ad1cb26a5ba5e65876eb6b,0c7deb4b63a4ad9c752b273f137e926ce6e194e5,d31bff26159d3a898396510245d5a76420d407bc
fde6a551256ef1cbd782a4035327c8ca20041668,a30580ce8542f0ae0385aea9d1da6b3b4029c996,0c7deb4b63a4ad9c752b273f137e926ce6e194e5
20b995de05bf23e5feec6c7c8844346bb262a120,91baaa3dcd85583275ad4f2aee203fe1dd4d8949,fde6a551256ef1cbd782a4035327c8ca20041668
2cfe1b710b9aaeae147bb28fd969c4ac61329693,abae80d52d3184c2a886812638e75ca809526d42,627282a52f0caf0e2e3d1baea5af00a7be59a4a6
666dd4f6569ed2f6a188bbb557f85fa785ad1679,40e28c73e92c02d5545e018e2796417079415098,abae80d52d3184c2a886812638e75ca809526d42
99df4fdab1e6b3ce0dd6716e97f5bc1a66866bad,bc1740ebee280b93fdb707a49264e0169ec6506b,5fe6b171c9aa1c71d4f317d5d10cb7d59aad6c11
1eb343e679e2e7578087d88a9453a1ff3ac84246,59cc8f0a49936a42924bad97fd9b22c224595e3a,bc1740ebee280b93fdb707a49264e0169ec6506b
fb127977040ea32acb4f89607824fff50f0fd325,febe1514a7c9a9294eee302ab600f6ea8143dde1,1eb343e679e2e7578087d88a9453a1ff3ac84246
a41c4dd8835fc6e43ed68c3653da427fb2fc6240,f581ed58808212e0c9b21e0edc7cccad4c4e25b7,88600bc9d966c2f9c8aaee85cf4e3e0bf3119eee
38a1196d9e2412668b4988444ff588e810bf1160,29989987f6f9b7923a15a46534f80c651d0d5b0c,a41c4dd8835fc6e43ed68c3653da427fb2fc6240
66534f127d25709faf6e2e97089510a0b665e156,b106fed3ba8c70fbfae0fd9f722f94d795e803f2,b03d9f615fe9a73cceba52d1435197c4c2bb2c3f
b1473dfe35f4c65efda960a254dc09e2d62d34ad,9624b1067a3660bcc27f143044159b3ac5efdaa3,66534f127d25709faf6e2e97089510a0b665e156
b373c6fa2735067e2c00a6a71c49da3a1754ad05,b1473dfe35f4c65efda960a254dc09e2d62d34ad,fb127977040ea32acb4f89607824fff50f0fd325
7525daaf02a209c1e1c20de904c0e0620cea2b9e,44f951b9244a38aa4011a2a6c781c28645aafd45,b1473dfe35f4c65efda960a254dc09e2d62d34ad
ae22cf0e1b5a61d48935b67a199c21cc5011ab39,9753091d2941027a4053cfbd350ff615597da1e2,b373c6fa2735067e2c00a6a71c49da3a1754ad05
3e708574d7a136da5b6a1bc6cec7bb23b7d667cc,7525daaf02a209c1e1c20de904c0e0620cea2b9e,ae22cf0e1b5a61d48935b67a199c21cc5011ab39
07bf65d66974316b06824fa674c5e40f9c8522b9,b4d895a1b9f41dc1bbd1fd6d4a045a220ffb8ddc,3e708574d7a136da5b6a1bc6cec7bb23b7d667cc
d95ab7473a0aadaafd37ccc27566c5553524695d,07bf65d66974316b06824fa674c5e40f9c8522b9,bb07edc77c9223aea663a94f8236ff3e1fa88a37
5a87f5e0bc5a822fc543f5a67bfbbabc3e9a3c77,0d7199ccd497dd4ed290ac4eb206a6b56b271a80,7525daaf02a209c1e1c20de904c0e0620cea2b9e
f5dcb31ace3d53ad53a0c07839b8953d9f2906d3,5a87f5e0bc5a822fc543f5a67bfbbabc3e9a3c77,a5127a6a13b3073f6dab6bed30a88707a64bf400
36eb54a4b9ef47ca54218693621b123a25410302,ae14f68167256576d52765eaf54e15fea1388da6,056576d4f80d6dcbd8ad1cb26a5ba5e65876eb6b
9733511e8053c00df61612b37c9bfa7ed5fa645a,4d7d01011c061e2b5dd160c31c670898808c3095,275fbf5288c7137126c79ac9a582f74c39d9e9f8
75bc6d5b3cb112a2051ac8a5aebc9972a2e2f5b8,feb8b7eeeaffbab6f035361e19fca84d19c8d628,5a87f5e0bc5a822fc543f5a67bfbbabc3e9a3c77
88395b35a146e3f5cc4bb7a6bdfed06388030797,f7cf338601a6fb16ea0465d3d3e5c9fa2400e3fe,75bc6d5b3cb112a2051ac8a5aebc9972a2e2f5b8
fbd02713a9154ba662fdaefa468ccff5148737d8,d4603139b889bc702e8f44d713cc1a87d1c695d5,4d7d01011c061e2b5dd160c31c670898808c3095
870fa5eebc1bec41c21588b9f845db6ef1c13caf,88395b35a146e3f5cc4bb7a6bdfed06388030797,fbd02713a9154ba662fdaefa468ccff5148737d8
b6085631140957b9c0da47d4289d7fcb89ec4186,275fbf5288c7137126c79ac9a582f74c39d9e9f8,870fa5eebc1bec41c21588b9f845db6ef1c13caf
e11c48abfbdefed6518da3ce71f3bf74cf6d3f15,b905c60250b910d430df67de862c4cf5f02e45ea,b6085631140957b9c0da47d4289d7fcb89ec4186
c393784a5b4ab8eb2d348bb5ce770419165ea4c4,e11c48abfbdefed6518da3ce71f3bf74cf6d3f15,9733511e8053c00df61612b37c9bfa7ed5fa645a
e27eb0f80e527593d2e2a2d0c84b7003bd399af2,9ece2719dedf6596e2d55fadaed084ef3746188b,c393784a5b4ab8eb2d348bb5ce770419165ea4c4
45a2c97c81cd3a48c612a7885447243ece24c2b7,77189cffb9675076ef816f506e9559481932274f,257ab2144bc90cee7d8fde8048f5b0fdd871d9eb
87d93fef19daca4b098a2af92970563da33c1fbc,45a2c97c81cd3a48c612a7885447243ece24c2b7,88395b35a146e3f5cc4bb7a6bdfed06388030797
92c3c1475aadf192da4d1b6c30f62e933189c319,4153f76464b4f5b8065b86d7f0b3f83a87228c95,87d93fef19daca4b098a2af92970563da33c1fbc
83cf510248f9b07739bfb9851029532b3ab1f247,00753aa99ed7a5dc1ca74f04530727cd6bbce71c,92c3c1475aadf192da4d1b6c30f62e933189c319
c4b5dc24e2716c94b9d3b2a22b7fb3188b0cf4f6,9630571357816f69e3404790cf2ede3e1d26bfae,45a2c97c81cd3a48c612a7885447243ece24c2b7
7a311262c633122f90a40cb790702f28b1eb3e55,83cf510248f9b07739bfb9851029532b3ab1f247,c4b5dc24e2716c94b9d3b2a22b7fb3188b0cf4f6
04be6c03ee95f7bb15fd6fee97f8ebc6c11cb289,7a311262c633122f90a40cb790702f28b1eb3e55,e27eb0f80e527593d2e2a2d0c84b7003bd399af2
a5a8f326836c86799dc8211f099f87b3032f286b,c18009af2e97887afa2dc020c8ca06ef16ba21a0,7a311262c633122f90a40cb790702f28b1eb3e55
980b7bbc28065d8c24272cb5345f6abac0ddb12b,a5a8f326836c86799dc8211f099f87b3032f286b,04be6c03ee95f7bb15fd6fee97f8ebc6c11cb289
7e774b07becd769b8d12721baa1b52d95b2d4e15,3fb39a911ea15d0794994075ab937e22a0726296,a5a8f326836c86799dc8211f099f87b3032f286b
2d9caff1db31c9313d9d1f8b0b60be0dea0ebf5b,7e774b07becd769b8d12721baa1b52d95b2d4e15,980b7bbc28065d8c24272cb5345f6abac0ddb12b
95d9898678b8d983112d49260ca729371dba3b20,8a4c898aa09a66d1aa6293427ad4927c13a48236,83cf510248f9b07739bfb9851029532b3ab1f247
720b2136d1e95819007ff5bf40409b10c7038058,70f72600d6d64b7ca3ff346fa77370826593e220,95d9898678b8d983112d49260ca729371dba3b20
35b83ceafde0f7d83ab4f1c4389b9046c72d8225,720b2136d1e95819007ff5bf40409b10c7038058,24ab86083f0b2f49a7ef7a3bc727b8c401aa60dc
d5b25d9cc93e433742c5991f369dcf50e7a2d372,35b83ceafde0f7d83ab4f1c4389b9046c72d8225,2d9caff1db31c9313d9d1f8b0b60be0dea0ebf5b
ac43b8430225514a488a10e416313c68d645caec,efd7bc70d15234a055b720d50c31b689f022ac58,35b83ceafde0f7d83ab4f1c4389b9046c72d8225
f39a8f02d0085eb33857eec34a9dd99d7b9a74e9,0806bb9ec3d6af4126464867072feffc5394e57f,6bc714a7041a98719cdab42cc4ef518d0bd48c16
b08e41a84d609f188979dcf87d307aaeb136fd16,33ce484205fbf04f8762fc2b96889ee68cc95cf5,30ae7db6c079fa88ab63a622a2c1ba4746cc6444
e50d5899453338d9a65cbb464b1f2f75fae0f77d,b08e41a84d609f188979dcf87d307aaeb136fd16,c80e797957a1f522ea872f7899c2bdc6d3538d83
06e63ff85741d93ff1ed50f5f0dc7bee3a80aaa0,aee18dfa7917ada0be8acd444401dc12b55debda,d5b25d9cc93e433742c5991f369dcf50e7a2d372
11f31c422d4815b424b64ff9953030b4670714b1,2c30734d2945fc003ac77305c929e4366730ffa7,f8a0bb399b8247a4172a8e57e1005a3d02af77b7
6c8551277e24c0c13cdc379da1f6a5c1ef5fb52c,19f13dfa99eff44d06d8e517c0bcdb2bc57fa31b,11f31c422d4815b424b64ff9953030b4670714b1
3dc7af889b157843c8494c4484504d887448c287,47e27da3eca21024e71214dbcf18892150e8441b,6c8551277e24c0c13cdc379da1f6a5c1ef5fb52c
606c968d20984f58b36644ab3d284aa946d31432,1f77317d8a6f98196d02ca6e38c4889e19fdcfdc,3dc7af889b157843c8494c4484504d887448c287
46b79350c398e87a7aa3f5b96f5a91f8e0c7f2dc,dd7f5237919bcf04b0c9f10f0739e43211b5402a,606c968d20984f58b36644ab3d284aa946d31432
9b1e9d92c651076b8f2bec9a5c8934f1b05602cd,7fe53d0383b8c40c0fc28fc3fd43b2dc9f061aaf,46b79350c398e87a7aa3f5b96f5a91f8e0c7f2dc
ad001954985faeffe587952aa7171645eea1f3e5,9b1e9d92c651076b8f2bec9a5c8934f1b05602cd,06e63ff85741d93ff1ed50f5f0dc7bee3a80aaa0
45dd0994e42cd099724d821d365b0274f930f17d,dd5879737cf92de2e233af97047415677769622b,9b1e9d92c651076b8f2bec9a5c8934f1b05602cd
bbc75fcc1a56d344fe365f78102d16de74642599,4c61868b084130e75289e768287d4db9bc6bd620,45dd0994e42cd099724d821d365b0274f930f17d
02a3dfa51d18536e3298649cf5d47fafc3360db1,908d490827f771b19efa072fa18863d028e4e237,bbc75fcc1a56d344fe365f78102d16de74642599
36e296a53d19202eff8f419efa57aba1c3fafa00,a001e25dfda6f38ef89d703f68fb20b942f29eb5,02a3dfa51d18536e3298649cf5d47fafc3360db1
9f17edf31c0d45a7dba6324b5f6099ceaceb0fcd,c6e8ccb39a2e2a399c000fac17077c7989f3e134,db2891c5087fe6350ff95d9ae967af7162f44ce2
50b822c15c569283a65e2b33317b0f92f9bbf1ca,c1074aae40cd1d1247ca4f55551395e3daba057d,9f17edf31c0d45a7dba6324b5f6099ceaceb0fcd
08152d86775bc0d1405c4a43e7c3fd2afd0b82ea,83ae6185d5855f09862341a44a1d713ca8ec34a5,984dcd7b4a450a3935c7dc62db8e9d790ef3478f
e67fb0c94b0f8e230d318ac5464f1a132c7e869f,08152d86775bc0d1405c4a43e7c3fd2afd0b82ea,ad001954985faeffe587952aa7171645eea1f3e5
27d4679a2b91cf306bf41e6aae1ac02add8d752e,dc05bfd54ac66efca80f66e5371389e9decfb2a3,08152d86775bc0d1405c4a43e7c3fd2afd0b82ea
fbb042513b0d16b683c998b3d49235c8c62f3901,cd14319ddad7b8090243617766b9312ef498bec7,27d4679a2b91cf306bf41e6aae1ac02add8d752e
71989cfef12a07bc0669163379c953d961e519a9,1daff46a9a2b7cd327cb2a3f123a0cb620865300,fbb042513b0d16b683c998b3d49235c8c62f3901
f599475f69d6ff19e5355da2370aeec155b373e4,b1c3cfff50f3c5180015e78b808b95c16545b989,720b2136d1e95819007ff5bf40409b10c7038058
ff334a97271f484db89044d43f21fc3811f5cb42,a6f11d939406d5f15ba705cdf1a0405a7d1eb78c,e67fb0c94b0f8e230d318ac5464f1a132c7e869f
f0c476b8e8492452f4b631d6bf025385037325a4,4e42b43495a5b636bd346908c9627ac20f5a6b06,a6f11d939406d5f15ba705cdf1a0405a7d1eb78c
c2c9af66f3ec75ff0b26cf80f8dad99cc635f05f,7af63d6f1270d375980dea6efd8628a5fe6ceb1a,f0c476b8e8492452f4b631d6bf025385037325a4
e6ee07e46cf628d014c5f94a2df5d11f371f2c84,a62b697dbfbf8db038d03e39b9dfec77add08a9f,c2c9af66f3ec75ff0b26cf80f8dad99cc635f05f
7acb6f617de0e1cc69fe2d5fcfbf857f8358136a,e6ee07e46cf628d014c5f94a2df5d11f371f2c84,ff334a97271f484db89044d43f21fc3811f5cb42
5b35d784750ec4dbda04fbdf973f2dd193080bcd,516e50ca2b30899371c4f879b2ee183c3d6f1081,d4a97f97be469645484b2c3148b650a8dd78fb40
2f54130cbf0183b12fe36f1aa15495442c19e59e,5a96039cd75eef1c72453c5e7d7eb45679b7b0f0,5b35d784750ec4dbda04fbdf973f2dd193080bcd
311ce1e286e0dff21f88be10de5de37df7715c3c,f4aabec501b11569e71c093c16e3fe2acd35a391,2f54130cbf0183b12fe36f1aa15495442c19e59e
5b6be262f67133570a1d5d87a7e93176ec6b6155,de090bddd7c9992c68b1712936f9ba30a922f3a9,311ce1e286e0dff21f88be10de5de37df7715c3c
aade6c42167ccd7ec1650aa7281483e62384e9f2,10e48f292d611cce5beb54fe70e8b141a6216039,5b6be262f67133570a1d5d87a7e93176ec6b6155
aa32149a7b4ff8e408c1731ae26d167af0658828,2b7a4156d0f6d305e8c7bc1fe821c940eb40777d,aade6c42167ccd7ec1650aa7281483e62384e9f2
1d0f7560ed56cf83b06bb4b5a15fa57f1a58f5cc,c668c1f8ebe489492cf2d74bc0adc52f32388113,aa32149a7b4ff8e408c1731ae26d167af0658828
ae36beeeae5833ff69096620475ec4d4abef0e81,1d0f7560ed56cf83b06bb4b5a15fa57f1a58f5cc,240f2462a7ee279e565f4ecf175ac837fa47ed30
b4bb5ab83381e3e50c8841ae85289cb7aa223e0e,5a20a0e21db7fa03be31ae8dd741c233037bc653,1d0f7560ed56cf83b06bb4b5a15fa57f1a58f5cc
44f85cbd84532d18dec5792b73b9c4a1e13880fc,06aca4ef012831ddecaf1f967d51dbc059e79f17,b4bb5ab83381e3e50c8841ae85289cb7aa223e0e
abfa38e288efa1b70c14d93156746ae23042991d,52d9a43ae68cb8386e8cee22a388d9c4d567df26,44f85cbd84532d18dec5792b73b9c4a1e13880fc
edd18c42bf6ced661eddd71087c67e3e0ab44b15,647f600cba3dd326e29672e0483456414c76241d,a8d77738f3d26688e1aca95a40254463fc1e04ff
37b16673e86b99eeed55d1e0f991fc5f9ad481c8,0ca5f57b95e71cdd4c0c74c28925f98451c25448,647f600cba3dd326e29672e0483456414c76241d
5449c672ac90e9c36c36818055860beace2d51fb,09f74323f1b79c739094beecf72aa07b09ca6042,37b16673e86b99eeed55d1e0f991fc5f9ad481c8
671fe3f20fe9e512b1ddbeda5b9b8f82bfb30054,1d4f3d5b658fea6b105020759f1deb2b4447f4d9,5449c672ac90e9c36c36818055860beace2d51fb
4f444fb5a820b019b2baad0957e4578ed2170705,21dd30b42abf153266005418bf6dc7e312570075,d16887932e5506c6ecff2738d349b0fc7ec6717e
4cef7a5cc02752b4451521ff1d53e19f29992f9a,56edefb8d28ed09ccc0456ccdac34d979622bc0d,7acb6f617de0e1cc69fe2d5fcfbf857f8358136a
e669198cf8f941c056f2938896de2d127091070d,88a90a0ca8da625016c0491d5d32ba105ef20511,56edefb8d28ed09ccc0456ccdac34d979622bc0d
72c6cd2e98b6c3de1d8796a308a2daf7857e9913,b170467a530ba3cd9262a4e50b2ed463ab5af909,e669198cf8f941c056f2938896de2d127091070d
00122fbf9bd79d01bb92a9c39b8738524aa661cf,4e332a2bed40d5947ee8471d53a0b51dc147f45a,72c6cd2e98b6c3de1d8796a308a2daf7857e9913
fd76b2c2051a27d0d6d23878d3869baf99052e82,ece822695998603757342f80eae85717a3e7c2bb,b63c9dfb4604d6ac5154d965d3041ca79ef3fe5c
eeb861ab0ea89bc4a641a4d760c972e6dc6b0e46,113e36572f9a26e0fe17c51d5943b05699ac8756,92f606d611819070c17735daf6f64ad9969e2e3d
8b90504af3f5beb06b460530667a068b1ff54919,113e36572f9a26e0fe17c51d5943b05699ac8756,79db716094b3561159897106426a3d8feff3887a
17439563ff6c4e0cc60b7b616425feb198ba0bca,3d08090dd8c2abf3beb2706ae5a33c1306d5d67d,113e36572f9a26e0fe17c51d5943b05699ac8756
bb4f04629bf482788a53eeefb7461b47dcf9554e,b0ee850b426448c36f58dca0b61255fcb49882ef,17439563ff6c4e0cc60b7b616425feb198ba0bca
15377dc6710f00d0ff5284c9aa9a5d95eade7ce4,18ebd0479885c58436a57ba65f809c8242519a8e,bb4f04629bf482788a53eeefb7461b47dcf9554e
e2a1a4e160ba52b117e2199c95201f88b5472187,5a91c53ab3cc349eb2c404c4e2eaa456b46445b3,15377dc6710f00d0ff5284c9aa9a5d95eade7ce4
11d8fd14f240ce47ee4d128c3b14e529221a8f71,fc8fb6dc71d2cbfe372bd9e9ac3112a204e30e4f,e2a1a4e160ba52b117e2199c95201f88b5472187
a5505ed3afe13b1f0254796910fbb280a5221c60,8cc805ca4d1046de224e19ff3a4171d3f319d419,11d8fd14f240ce47ee4d128c3b14e529221a8f71
4b986ed57f736a88c4045f264dbc8d89b124a1cb,fd7a4841a28ab7aab411e42a3134bf8ee14b82c5,a5505ed3afe13b1f0254796910fbb280a5221c60
f6e5e2fdbfb2d8e3851d94d38b09be81a3944c0a,4b986ed57f736a88c4045f264dbc8d89b124a1cb,d24b4d1b452e1440cf1f4762b103595fe3af2ae4
180831ab8673ee23442fe3d075d66eb0663052a5,f6e5e2fdbfb2d8e3851d94d38b09be81a3944c0a,8b90504af3f5beb06b460530667a068b1ff54919
d2a77d255f3403d14dac641ed0e1932a21989cfa,fc74d10baba087c763ff52eb6770d66400a16140,f6e5e2fdbfb2d8e3851d94d38b09be81a3944c0a
4d5bc77bd6d403dea85780fae6e944aab7445acd,a3db5e6891cf7c6ced23576e9545dd2fd5f9da71,d2a77d255f3403d14dac641ed0e1932a21989cfa
8a532daa1e62f34dd8b38cbc6b590c780c053d16,04d34793cdef615e9a1d67be6a84bf0402309a40,4d5bc77bd6d403dea85780fae6e944aab7445acd
306fa616b244a930e4139c8f8c947492292ff32f,ee0677aa54a54a4931addec6fde8e0751dfc0630,455307b193d16934761f55568746b2f25790f007
44aea6de9767b6db5743b75cd5ef7f778a451e7a,306fa616b244a930e4139c8f8c947492292ff32f,e8c31c468aaf3e34b2b2007d5c102af35c35d16d
a11577de7eda954f00125407a9f615c1652313a7,5d593c53cfcfbb2571a73e82a27ba5d1cda6994b,dc74e1cf7b280bd5559bbf0c88c88a6976acd7d6
0a2cf2a3a98ced02da95c766207d1626c082c230,143e3ad4fc2535bb6103ade4a14a92a88bf626fa,a11577de7eda954f00125407a9f615c1652313a7
2ae95763df7bde175ed652ce74c4cba6bd49b52a,f32ee2cdd5476d9109c929f77b4cb6fa0d084a76,0a2cf2a3a98ced02da95c766207d1626c082c230
cabf4b97861545103cdbe45883256fb8ab089c21,c5536bde6ca153b7aca4856b94c8156e59572b4e,2ae95763df7bde175ed652ce74c4cba6bd49b52a
f58258f8f069c08cb851104a9c89bb726583afc1,af59bc543cbbc20b8f21ae219da0a90bbf2c88e3,87c0dfea758bed1742cced4d699e30e06f1a6072
c4b81daca56809337d84b53ad249be4ea8e05f68,811bbfe9f783d4e1de0dbfd3648fee06a7b2116a,ab2ac0c0648f012b26d8cc0df02cd699ab00211a
ae0742a0fce2b104bc7279c27b13327344c11537,6f41bea733988a7cc9e4a633a90bc5bd68c37630,d9bfd83223c6eae1e2e0f0a14c6e4dc60c5fb49e
b429a76b48dede93700bbda8cdd67334f7166248,9c0c36ee46a3300d2de64735bbb9418cbd6c94c1,ae0742a0fce2b104bc7279c27b13327344c11537
f47daba3c3e8adf92d598fc622921457aae06acc,ce1e12c7818e5dfd834f0dae9253ee86df575560,d787bb815960d8bb11d2f1527c6b19905b3df8e9
3aa77ce260d737df99bc92451e938d075331fe2c,4962a72f71d562024879b1711783ad64d994c200,b429a76b48dede93700bbda8cdd67334f7166248
c5763a0ac42a5efb009c712f8de560011a018779,f47daba3c3e8adf92d598fc622921457aae06acc,3aa77ce260d737df99bc92451e938d075331fe2c
80c7d7fdb4ef82b83223ac9ffb7f7f3eac2831e4,db37134dd582a6b2144911f33e4eb954fd64423b,c5763a0ac42a5efb009c712f8de560011a018779
2749f79aba38fe781f92ea2a585f36591e1d7de8,27962c63513248de8449787802414461c2d7e773,fe153ca8bbce0f029fc9c2a10680166ace761585
a36373ff33ea55df37a7be52b0f6cb7701563420,7cb9469f6aeab9e07181c0caca0a9229bda84903,bf864e3f88e8a3a974c7cb0f4335791c4716be67
373837812c84fee825c490a2599f53e70715da39,d2a2a40cd7a05138f8c00faa098d18c51ef3fd30,a36373ff33ea55df37a7be52b0f6cb7701563420
bd6700f62ef9482b6b29a1136fcf2d048a364156,a53f3f7b74ec000b9629852e02983df3b39bdcb6,373837812c84fee825c490a2599f53e70715da39
80007e00d4c85d35e7cc147958db4e84c4cb6a4d,b8e20c8e54aed8329a2ecbff903d916bf3d89ad1,bd6700f62ef9482b6b29a1136fcf2d048a364156
6ed5b2150f8d35828907ca8f4dfd64653d641f86,23f639d72b4481c6138e880f15a35fbaa89673e7,80007e00d4c85d35e7cc147958db4e84c4cb6a4d
0eb764a237e81b63d049d30cfee9bf7262e12c25,5bc10a4b460e9a9a60b80547f55f9975c159c5e8,6ed5b2150f8d35828907ca8f4dfd64653d641f86
4cd352c7dce3de824aa57b86d75eda37ac4fc75f,0eb764a237e81b63d049d30cfee9bf7262e12c25,5bc6c54e8361660aeca5088bb12c40aead6c7b39
4eeacc81910da33d318daff2af8e8a0b44be1973,e1e898e71725fa4aa82a2fd75ef9ed43f521616b,4da1c0e455af2b6ee4ba575de8dfcc2db27df587
25dbbec0f11e7567ae8820b80ad7a8e9601d0cd8,2f4656ecaf8f7f7fec757ab2f871d4093ef11e08,83051d7705315755846e71339dd9788aeb9cd428
a43f99ccad0085d88eabc6fee6f2b84b8916445d,d71e37ff8d7423b5df9d0ded014e52ca336aa744,25dbbec0f11e7567ae8820b80ad7a8e9601d0cd8
e80e166ead1e190e535e1feb1de542639eab6987,585ab86566d7dc177ae2e267f60ee349bff31633,a43f99ccad0085d88eabc6fee6f2b84b8916445d
3a004a5540230d89e6ca3ae4b7c6e56f4bf66489,c1557d4b72093495e235ce591b46074f1dd2cf68,4c34caceb75eba7337a7f244c6943f8d7374ef36
2b7bae8d8e39e7ea8da19c11d3a2dbd0af2588ad,ca7a589f1baa82e263da9c665538f6400dedc1ce,3a004a5540230d89e6ca3ae4b7c6e56f4bf66489
64f0663e885225596634e29bfda07011da502a1d,e9b8bd5b9191fad0a21b9a5d1dff5e81a66628e9,ea9aa06d44ac91368bd4a3a2973b35f43edb213c
9ab242042516f35a8a3b40f4f969b58e7703355b,a40b1a208f82c8dcfcf1a25a7c36effa0a9025d1,e5228cb697948a4628c8d0c0aee61abcd344b574
2eb029ba9aa8d02e194a0bd028536165a54694aa,cf370bd6fb093919ccf9d1fe8a27c2c267c90df1,4e65625e96cfc0c207e94a38cbe1855ba43f2e67
867d5de9c347d95b86d0859e6637e8decab6456f,57992890e732d147ff594c99f1f778bb0082dd68,2eb029ba9aa8d02e194a0bd028536165a54694aa
7946024766874ab29d1b7b860f606bafdab01c5d,26e67b5f810c22e404617c1ff2d81a9dffbc99bc,867d5de9c347d95b86d0859e6637e8decab6456f
4f28a0ea03032f5adffbbd155f7cea4d2cfd5032,5a0c0c7720f37c31463927e9708bdd315635010d,03d75f03bfdacc6787fb7b78d66d5f9488eb69f1
600654146fdab449131ca2aa606f260bed78e603,9836d059032f6ea29045226489f0f470c42abb7b,4f28a0ea03032f5adffbbd155f7cea4d2cfd5032
cdd3a74c1556e55904674c772508a9de5e10f903,f46acc8ab934d48d4f3a778a44bbd79e0fac0d5a,75dfff2dba0e8dace26a424e10f34e90eaab7f91
c7b397e74d3e43f78956f3f00504de7fe353dcee,24eaf5c9412b602a995277310eaf615e36f2476b,cdd3a74c1556e55904674c772508a9de5e10f903
dad38a11a36b10f3c0597e394180f29104905c1a,977afb4a152fce144666c62ea9d8590728906cb7,c7b397e74d3e43f78956f3f00504de7fe353dcee
19a6882eec848b21f971dbd286e21bca12e392d9,7eb4d22d8cab66f4724910bf0a922fc2c9cc3ece,ced91d5bf255351a55b99b577f56f42129c9d6d0
acec32c146964352a92d73768da50c6534061d99,87ee823acbcf62017b71308aa23084621e8e2fa7,19a6882eec848b21f971dbd286e21bca12e392d9
1b6cbd7da0bf92fde04989e43def0f53d2a6b7df,ee82ac25287a4b133ebfef9e32361313d09696ad,acec32c146964352a92d73768da50c6534061d99
1bf5bd3a0e1938c3085d2de62e188adc3c8c7c41,390a637b89fb3587cfd76c9e6738036b09ab81da,b72b4cdd7ba41234e4ae4240bd1d5cee8968bd8c
7e28edec83035523c21b13367c841caa4c0bf86f,2e4d651ff984e3c55ce4d601772216a59e2c1c33,390a637b89fb3587cfd76c9e6738036b09ab81da
0172c22e4f2f1a992e194a7281213415c06410ab,ebf810dca77f6ae36e6dc64e079f247b03411954,7e28edec83035523c21b13367c841caa4c0bf86f
b150db190dcb040bb38c9bec6f3b98c8bf116382,6c9cd2570199ad1cdba19bbf1204d2018beb4244,0172c22e4f2f1a992e194a7281213415c06410ab
daee935cf79216d0498bbfd44284b1da0622ef9c,5853fbe0dc1892f075d28b1a8335bb37d41f4a30,b150db190dcb040bb38c9bec6f3b98c8bf116382
5f810077e3615adcbd3ce9e2db3bd71c8c0dccf1,8127192c8e8fa0d975ea6910862d042dd501350a,daee935cf79216d0498bbfd44284b1da0622ef9c
58026b474a53fa94af1553ef900e92c512976a1d,02b212718b0076c29d3223d1af18af37f60a8028,5f810077e3615adcbd3ce9e2db3bd71c8c0dccf1
a61b5d45598fb18f2cafabb7fc386c0434b6e63f,ccb3244f78770b3e05c0281a7b63ae2edfb67678,58026b474a53fa94af1553ef900e92c512976a1d
a4613980c8cff76191749ec9d7540866221c2f4b,a61b5d45598fb18f2cafabb7fc386c0434b6e63f,7fb230847f97838932574d503cf850d9e8f0ce92
01235d1be11bf6e90f3361a5c490bf097c6e8b1e,214ddfdd2e3bedd616f14a9e515dadc6b9e070fe,b7bac517c28fe139941bc8839422272e2418204e
d1684b5641941e2edfb8dae3e8b7d8f7395cf256,5048e97a84161d81cda0192a2c63d416584e7f95,01235d1be11bf6e90f3361a5c490bf097c6e8b1e
b27bc0983b41ac315cdab8be1d03936ba06d1784,78ed0ec05df274d13d46977c37b754cba202a672,d1684b5641941e2edfb8dae3e8b7d8f7395cf256
370dfee5154bcd9d9740c6455392386af9c145e4,1a20c99e2591381d9ec3efd142e506c55a059bed,b27bc0983b41ac315cdab8be1d03936ba06d1784
3aedc4c5b75fb8c5f45d8b0a79e5e4e07e2eb557,0adee541d2b8f72fe34881f9ceb144cf3f8d056c,370dfee5154bcd9d9740c6455392386af9c145e4
fe86b3fc105ab4a78b21577925634ac0451746c8,3ab0d59cf14c08c6fdbb96b1c6f399c3f102b266,3aedc4c5b75fb8c5f45d8b0a79e5e4e07e2eb557
94c1d8e3758e9f75b9f32ec6136188e6c28b61d6,a7dd87ec2460f6905a5be8c6133cf56e0458d3db,fe86b3fc105ab4a78b21577925634ac0451746c8
9f7e5db4344827a8e42cfd450cc0e4933232537e,4e5257110135b5dd35c86324f4f3083b5c9c10cc,94c1d8e3758e9f75b9f32ec6136188e6c28b61d6
e433958312057e84bf6443fc9d9954477a3791c8,b0ec9b940a24501472ec6f68e805c98ca9870438,9f7e5db4344827a8e42cfd450cc0e4933232537e
15365266b662ea9cd22061c5473e736ca448c0b3,3a224ba65a1394931ca7865273b50064f8f96279,e433958312057e84bf6443fc9d9954477a3791c8
0173ebcd0d27f0b66fa7b7a3a1b67c092da58085,0fa6820fa9154a6304e278e17391afeba31bdfc7,cde484b44c5e8d39b88e36e531fa8e6f8e167126
2f5440232017211650e58994834c8f64bb01fcee,ede1f85cb77eeb2a628b465d647c547e00e4b9f4,0173ebcd0d27f0b66fa7b7a3a1b67c092da58085
4e5c5ecff160e2926700fc15a05fdb78dc0fb753,c50656ef05fdcd36f1e330d241b9b64ee6c5c22e,2f5440232017211650e58994834c8f64bb01fcee
6c75fe478c6bc34d7b6dd2bf172f7ea1ab5cf087,e0e866cc53563ab3a4b847df07e7d3b4912064bc,dbf52792b3f2f9e98fc543158b4b5a12f6b6fc38
ddf859d670f27e06d170aaf3b1d00bd0cc0fc257,fedceeae1b204dd3bf450212f1e9b696e873ebb4,6c75fe478c6bc34d7b6dd2bf172f7ea1ab5cf087
30df367f75c3383717ba8791f166b1c16052a3b3,0be659e72074f8a0feb3de2bcf7497f44ad3943d,ddf859d670f27e06d170aaf3b1d00bd0cc0fc257
19c453eb1d44f11ac0b7bb95b17c524d17454ae2,5fc67addbed5410a7f39bd3ac3e628e1949b1011,30df367f75c3383717ba8791f166b1c16052a3b3
ec9c871f743ff11402e3cc293b14cbcd2ba27e92,435103a26ebafc839182ac16a8e24f69bcce2c8f,623bcab5d706d44e0ec6c4b9b612d73ac35e9ee8
519f390c2f4d83a57d783146a3d0dca5a7e96eb9,92a95b51e9e4807f1074dcdb3617407d64138fcc,ec9c871f743ff11402e3cc293b14cbcd2ba27e92
13b43a3d296fb24a406334ffdc0e269bcd85f9b2,70a63e8ad267f9d4e181dc86d49967cf6f8fc2ef,67fcd20e21832f3811d089bbe1d7f4dd351d074c
9bca6ef58904b7f06578326f9e597d2578c5c272,4eaeaed18cd423415ec2b6317a745bc5ba4f0895,81e594dec30eda46abbe0ee94053f055b6c23db3
00df5d294af03a23ee6aad26b80efcb480ce9831,29d94ecea3e9399296e833a64a1fba9f75887ef1,9bca6ef58904b7f06578326f9e597d2578c5c272
a5209fab9951f1c980d56f2e5f60b327ae57bd77,de9b65e6f63a8fd6f0f0628643892f2b750e9cc4,00df5d294af03a23ee6aad26b80efcb480ce9831
77c1560c24083d9a6dfe864158eeee70b55088a0,10312ac65ca770846f1a60c3ce9dd021008eee22,b92834ec71a0c4bf0fa2940fef6cfeb24430e099
bfce1e28a9bfa1d89c39a2715dbafddad228a0a6,6145e5a0fe1a423a389a8b5fa21add47d9ac1ad2,09fe8c8c85fc2f455cb4a711a0d5826430624585
4a7fbd7a17f5c381f95a6aab3bbc2408aded30de,87c27539ab75a54b07490e79fd56fc868d72daee,bfce1e28a9bfa1d89c39a2715dbafddad228a0a6
e3bba6ff719164f6e1eca8dfcf6d266bf7ded68d,93804744d18b1fe12908c5d4851f7232e2ecc007,4a7fbd7a17f5c381f95a6aab3bbc2408aded30de
79adec9ed56c6ade1fc92b411003afe1c28e5de7,68c58e39ca2916bfa16fcd9ffbe3d4621b4bdee1,e3bba6ff719164f6e1eca8dfcf6d266bf7ded68d
72f0c2fcae95fe4ab9be458871d09da50ed3f23e,79adec9ed56c6ade1fc92b411003afe1c28e5de7,a69a0aa54c61c8637dc0ba06b290feca42c53eae
0e201d7fbed2de7b2f53725c8a331f6f4f3f02ba,2c35d3adca0310448e5dc8aee8fb483bfb8656e4,72f0c2fcae95fe4ab9be458871d09da50ed3f23e
3fa1e12ed119db90e90efb90961da6537dfe6e14,0012ef3594296f0e952d6211b3e82bf620d383f9,f915aed7d7cf0b8fd3a9c6433910a35b612d7cdb
7be118055949cf56ad32aafde8f211dd8b6ed5f9,0012ef3594296f0e952d6211b3e82bf620d383f9,1b0512cf9c0d63eac6ec048df5df91cbe4c0319b
79fd623be32f76e21e02204afae97d629c28e19f,47ba1075150b47be073fe4ea557521a4e85924c5,360115e3219634b636d1cfb140643558069cb2d6
f41e02013795816de69da41f4a8da748f9d53efa,0e201d7fbed2de7b2f53725c8a331f6f4f3f02ba,47ba1075150b47be073fe4ea557521a4e85924c5
ca983e7739b0343372feabc6b53b3f043d0ea7e5,72ebf0606166ddf874870822448ba730cb8d2f44,f41e02013795816de69da41f4a8da748f9d53efa
6449e5e9d051136cc0351776309bd0f1b24ab698,f9336bac47893b57add5af5fb13af41381a1d74c,ca983e7739b0343372feabc6b53b3f043d0ea7e5
a301948c817758c8790ea9b6cb6954ceab7b0d8e,e4828d390ac39229ae83eeed15a436cdaf091f36,6449e5e9d051136cc0351776309bd0f1b24ab698
72efe8f2a96df585823ca9055dcd631d99ab7520,6211be9cdd7a9f4010260ddf8630ea4329af73a0,a301948c817758c8790ea9b6cb6954ceab7b0d8e
cf506adb2e850c91c3c43696285ddd52f4bfa072,ff2302b6a8b767b669e9bddd8b8b0afdba7c0d6d,72efe8f2a96df585823ca9055dcd631d99ab7520
a5b8fb6d1bc031cedfb0ed4a556c81e78ebbe4e2,c08d02245c66e50a4ad2d74a373bc6b5aafa4e49,cf506adb2e850c91c3c43696285ddd52f4bfa072
1e335796701bf57360e6cec1b2a6e9d6c99902d8,70fa1a5b4a75418e25ccc502dabe7ebf62c50f21,a5b8fb6d1bc031cedfb0ed4a556c81e78ebbe4e2
bf1bfff6969ab2b9afeb05d1989afc5052953b6b,7c7355e26d7a17d0bbadda30fd600d9942f6fb87,1e335796701bf57360e6cec1b2a6e9d6c99902d8
4a93c798e8d3ff01114e386c254bf72710ef2720,79fd623be32f76e21e02204afae97d629c28e19f,ca0e7dc0cdffa294d2ae6fd2d8510a4871f7cde1
8c4018fc1e7a75becbf2f3400f46d4b4b417bf58,162d1d7ffea48502424d8c79730c7bed87d91e3a,4a93c798e8d3ff01114e386c254bf72710ef2720
968ea6fbeb80e88fa1a9f2c0a07a8809a2cf8ae6,796ddc59337455d450d63a40ff982bd3a8836ef5,b607352a0dccd8b83c30b776e1034c3c589ddfde
ea828617f8907b9753896a65c3a59630b1b297bf,197ebae84379bc035b6041920bbbc2ec71edff87,796ddc59337455d450d63a40ff982bd3a8836ef5
2b5b0e31b15cd1b889b952789c593a1ebc155854,b38c2bac1cdd9ddf8a8aaecee727d1f14d83f89b,ea828617f8907b9753896a65c3a59630b1b297bf
7830a84f27cffa988dfb8b9004fe5bcf99b8e80c,8b8ba624dcbf2071447213d9e3bedafe1546cd00,2b5b0e31b15cd1b889b952789c593a1ebc155854
159a555e6ae1507c47d40e5c6bde4039cf5bf872,f03499ffd1b998f90f8a41af2615232559260d67,7830a84f27cffa988dfb8b9004fe5bcf99b8e80c
3072c37e2ac8ef94ca28267d4bff54e693075e56,4feb4f2d1f24851710ef26d5c07b3b8d6a6a0bde,0e3b5ce1190b5d9db3440c3cb6e9b9822f2d9f80
180231057adce08d20665a3ec65d4c8ee52a75f7,45fe1b30a3fed092d570d6975aeaa177a34f0745,3072c37e2ac8ef94ca28267d4bff54e693075e56
6e3a866a0a5b257417b11fc709af9ca2b0b59a82,b33f77ea16c8b25191dcbf1217b56ebcbfad4982,180231057adce08d20665a3ec65d4c8ee52a75f7
650332c594bb293e08f9a756f9958dd22c0567f5,571c5c0037541dfbc326d19928ca3a064bfac1d8,5dd4fc00b6ab08b46216f9223cbade78a5e4d4c5
f6dea5339d6308e27c3f3fc23f3bfb8c50d0a09f,1df58749c3d3bee08f40ccff8fa36c4138e73b7e,5992c6554dbdd6e5831234431ddff3b09ca3dbb8
8dc85d6b77d2868a54346fb22374d76562f10616,fb745bd179af6b8778aefb14c6c856ecb25a3594,f6dea5339d6308e27c3f3fc23f3bfb8c50d0a09f
5917463a445d4c42eda1e7bebf85832ab978dcd7,fb32b1c7ee514f772438085102e63f7db67443f4,8dc85d6b77d2868a54346fb22374d76562f10616
7280700469e6d7335bfe3c695556497f1330f8d4,049a2fff2651ddf8df4c279286948f869d25526e,5917463a445d4c42eda1e7bebf85832ab978dcd7
aa24dbce1faca9f280abeda830f58481cec0a7e4,63c0f73ca6be678c4a275aee5e97783eac94ab08,7280700469e6d7335bfe3c695556497f1330f8d4
2be7c58743948e2b97966c67b7c1f630e826e036,fcf4284d84d194793e68b650854762f664ab5e28,aa24dbce1faca9f280abeda830f58481cec0a7e4
dcb76dbe7a5a3dbe122a1f92286310fc0e8a90db,e3513262a54b239a39e934292e1d121afcaa6e48,57f3eea90fd114882c3a415191f922766aeb5647
5bf789a44c7007f7ecdb80f859d6c0135231b456,c8aea7d8d1e9c012f1c26e77681d2634e45afc7b,dcb76dbe7a5a3dbe122a1f92286310fc0e8a90db
ebc2dbcb92a40a268c7ece58b6be7b994574bc43,e112704626e9455a45045db6b45dc3b232b2b180,5bf789a44c7007f7ecdb80f859d6c0135231b456
ba142c81c31158352ee2aea9efbd5cb33c146617,42f82573fdab0b55ddee2228acc683202ff9392e,ebc2dbcb92a40a268c7ece58b6be7b994574bc43
8ee349fc5da6f17d224ab57a6d4c552abde6054c,3f202c1ed269175f015a8c9e84bf630687105b87,18aec41cf1ca4b59944905c05623d14133d63d29
0a0e745697ad5a1d0e1c6a47d70de696348466a3,80e095c40b597fa76b7ad1d9b14d6b2ce89001ff,8ee349fc5da6f17d224ab57a6d4c552abde6054c
4147101ac2daad92638e6c3ba36fa26551d7e794,4e412d81467cc7a76287fada8911f7bb8d309efb,0a0e745697ad5a1d0e1c6a47d70de696348466a3
d9d8ef613e292a12b70fc80bfc3d775698096622,babe60289d3ccfbda2da7d87394a643af9e8cbb8,4147101ac2daad92638e6c3ba36fa26551d7e794
4a3ddeac6ee746e7d4ffa34e86c94bdf42df1767,d8c59152c350d40df74cb231e6eb75d58abca7c1,a3dc366bb1ab4054b2f80fe0f6180b8d81bee39d
aadda4af797d2bf2978bd4439383bb0d82d9fb30,1c70aa095491f18f59e1b828b269b7a97ea4c658,926a8de5d97f0ee36daf68c962aecd158347ceb5
281716346ae01faf5633dc7f865ee1ef048f1d91,cb88d29615f4b603839530f5cb6cb14a5b3a0347,549f5031e87e292c03c718dd7b22c4e32f2f3c19
d02df4759d290bc8c18291ee31e47861ab3f7e39,125dac594b9fab426c060aec0a2bf58dfa32c34a,fa1d7b28396b1b4793503f317fbdbc524a2605e8
53ecacaae34390898c2f7eb9725cd8ca6a504a64,10ffd96b1503ea4f39d7e4b62ca02766664554f7,a2e406bf7e08aefccb677fc3de77530d83eea4ae
684731d1a407a670a84ac1e9d8023f99882a8e8f,2be88c49e1ddfcadbe1d5855a3e5491735f7e949,53ecacaae34390898c2f7eb9725cd8ca6a504a64
fd05e3b8fe43d9dfe0d9e9b25922e47259b873fa,5866989322be400d06ec50626c916e7d3e1a7dce,684731d1a407a670a84ac1e9d8023f99882a8e8f
2623db52d7de543763b060e7b606c87d3cc9c8fb,51b756e17a6e41418ee46c14c4efd373fb95fb00,fd05e3b8fe43d9dfe0d9e9b25922e47259b873fa
c185649e2e274697e8ae60130f841cd252365daf,7c8f98ff05f6cb89440d056fb58b597d53c470df,1a25990b6f41f0dbc5ca36205440e2b578fa290b
7e105f96e84614ab700395fee1c19e7eb14f7330,fa2245e292f16c17e990ebe5b14c843729c262cf,a6025ddba849d2aaee30118c638a7f01a6f190e0
2914f150510e984d9e2a8bf2465c7dd064d35a40,3f439c38a36767375eb9e6eb34cbe88b15eafe7c,7e105f96e84614ab700395fee1c19e7eb14f7330
d2ac6dbf1bef62423b0a27938fc0f4cb032427ce,ac676e470b3f8505fd66200f314021b7d6f18a85,2285f4e33b1602f0275e6a877f6e3dde09fe4b0b
cc74d32ffb449d6323014733c7857acc5d3c1cab,908098c24a17553ad83db04fd590dca4180331e1,8db88278f3a2a03ee5edc3565863551e2d0d324f
10bb34ae47465041dd41c2fe5ec69cb519513a1c,a6486df7fa6b93974bb9cfedccf524c809c7bb65,434650a7d804d5fa305e55b538b07bd3615c8ade
3808722bfca204b47a9d289fd6fb5a32f3f2e98b,d4fc2c5edb53daf1f63c812c22ba797d5757eb12,3c5577226d4a9bb1abf64fb3f0a1db6678bdaafb
5ab19755ca9983481c825de4a6dc466af57fb00d,d7300d6bded997aebfbc0f66a38de9767c31f7f1,3ae4e5d2bafb94e2006efaf9e9914e3d877aa607
c6de187b69af84954e122f1c193908002ba8a2e8,8ab9d28470eecbf9de09b41a62b43596aef60dd7,5e9a29123d595abe7ae09bb9bf4df56b245cc940
926942131bfdf8b36e17e6df36bbcc6b2a2c32c2,442dca2a68f596d7934905faeca3a041a8421049,c6de187b69af84954e122f1c193908002ba8a2e8
3909894172c25e2b1a43a48a39059e20e1e0c5dd,8063a00141f76fd07e3afa410529fa7db222acfb,926942131bfdf8b36e17e6df36bbcc6b2a2c32c2
dc6fe0576abc73c6c4fdfab9fa6b806c8e22099e,e8c5285b379ee728f743203a70ec3db9ebd81f62,3909894172c25e2b1a43a48a39059e20e1e0c5dd
bf7eeb97edfec7a914c96eb65034ee165400ea6e,dc6fe0576abc73c6c4fdfab9fa6b806c8e22099e,6c072974f3f6ecff96748b4adafc80d6641d4e17
a55b3ff091b36c7f8a55208f903f319903d36998,b92ea5741dc9c685386f953b9b0c412e7271d440,8ed0f1ecddc7cc0a6d78e6d19acead2622b3d923
76ab773b579cb4c37ee1bcecca410f4a7c6f3887,c74b4c6619ce283d47c39bedd4b37b141b152882,a55b3ff091b36c7f8a55208f903f319903d36998
ea3fcd11b7cb5dcb69550d0238260792d11aefe6,2bb065bf65583b2c79951e47f21476667fdf2301,76ab773b579cb4c37ee1bcecca410f4a7c6f3887
186cd2c1e3e5591a18e0c53c87352be3fa84c649,af0b4545ed602fcdc3ce3acc8050f1449824a223,f8237d6c89ac0ce661abfc1b92112ccfc4186f77
5a580e9028f833a5aec327dde60adeb4b4674e4a,6fe08bee3b4ca2b17057396e68a5ea990ff630e9,186cd2c1e3e5591a18e0c53c87352be3fa84c649
39ebd1794bd9e50ce88c6a42106294fd12f72a25,cca58c6797881aaf690b39d247a1d703fe7af600,146dc0a1de30c83faacca4a7a95c217bd345c5ed
5e43ef1b3f648e21869c53e691302a6a8dfd7f89,f27b580e018f1c90ccaccc7b781fb74456aaca58,cea970194e625d738599ee1ba0202a8e1dd03571
0f8fbb71543a164373102979498b600f529d1082,5e43ef1b3f648e21869c53e691302a6a8dfd7f89,ca38bdde89163def4fa7ca99c18f55e9834f4fe0
4381b89b9fc68bcae92ed719f86dba51a1bdb4db,1a03cb8c457f987b224aeb4ca25b9c00d897e1cf,eac7f32e2bca590d4eb5674597bb58b1aad924ae
ccd5ebaefdcbc7e24a1778ccc25a025c30ebd639,d3e6332d489ad4ef61d4d5896fdf05ba927a50bd,eed4a7bdaa584055234238f3771c472804e0c2d6
4bab928d276bff666891fb1efc935fcc23b73f1b,eba8afcd99c6d5275de27e39292893fb79ae6849,ccd5ebaefdcbc7e24a1778ccc25a025c30ebd639
b8437deee454daeb2e69f99315a1437bfc80d358,c43c34141286bf7a67a21513f44ba48ae2177c65,4bab928d276bff666891fb1efc935fcc23b73f1b
6301083b367374d8d72c4fe5697db7341fcbb501,048204c1456ae552c60fafa40d191a788ded39de,b8437deee454daeb2e69f99315a1437bfc80d358
490c9342ba892e7d32a3e1b7df33882bc4019a17,ce2e33996d9809164f0ba184e996731c6316de8a,6301083b367374d8d72c4fe5697db7341fcbb501
076d17de2cc53cf6a67568d99bbc0007cdc810d2,09a36126b01faa6086ecf27a78939ea2515b36cd,771e95c7566912c7a02ff8ad01adffe86f6feabe
7a2c0c79c3b50acc743a6c56b732141a6f63babf,70f67827880d881455390b1d9878201fc3af5c5b,076d17de2cc53cf6a67568d99bbc0007cdc810d2
748f6ca593b81d23f7189ff50118b9eb91600d13,abd00dc200a1374be437e0c4aab7447fe0efc301,bb5e20cd1381a382a14fe82880a312dc2f078d77
8f32e2380da77923fe674afad92d51a174909ed7,3601074945b1603d55ef6305781d16b4ce451cfa,10378cfaec683f6a0c3a6af6e831c6161f139645
96b6e1d1e49e1562a9699133ce95dc889fc8fe67,8f32e2380da77923fe674afad92d51a174909ed7,ffc5a204f154503686e9e4614da5aff8faf5a463
633658eedc34fedc4a4b9b29f888af83bd42da46,af8b2c32d8229433435923cd6f5cfa031407f555,c6b6b1f301f72165293bd62401079f2afb1b8627
e6c61fbf42cfd873c2e56e130847b0b37b619867,bd09f3e8083d18ff0c8879a5487f07c09ae3de8c,633658eedc34fedc4a4b9b29f888af83bd42da46
8050ddadda4f849e66042655609d459ef11437c6,2feca6ac13cbe04c6ca1d10be82a5ef085fab596,e6c61fbf42cfd873c2e56e130847b0b37b619867
933d5eb1b3b9d32058687b7f3dbd100899b65d8e,3eac68ad5375dc0b122735e2b56e562061f7e6ff,8050ddadda4f849e66042655609d459ef11437c6
de4efefebb8c34a0fb4f6d5eb001d93418eb212e,42eb7336d6211113d2d132aa24801bc5fc628f6e,e07435ebcaaff82ac5592d74ce40054f7b6cc3b4
86f2179967379777074bfc1c53b7105ea856e281,3a71863dae7867171d911dd7e92343cb6513da9c,de4efefebb8c34a0fb4f6d5eb001d93418eb212e
8857269a20dba3438e63d967336a1913d2490a4f,e833d1f3c2d3dcc12a350888659b88954e36befa,3332bc75fd9e4404bb7078ef704b9e352adc5671
94c808668b8c0df20278f25ed6345aae7597dd7d,048efd856e5519ab697d5892cef6eaf904018b4c,49db646cb4e8e953cc448aff3489626ebf8d3b1a
4afb522238b77474817c928f4af995386bbb2b60,93a84fdcf68cb80164485143f657c61412f28925,224f347878ceea4bcdaa34aa1b43159e76cdff8d
f9f957e03e24b2d845f2eeb05ea9e1c5d22798e0,f3ccc07dd6f1ceee2cdc435d7c62868a14909b60,4afb522238b77474817c928f4af995386bbb2b60
cf1dcfa1a07d03761a50f61ae48702e9104be9c9,336262175094ad0067dbf353adb95b4a2f5beb1d,5a8665a5817ab2701f577b92f52fc6c117a61f13
31713ee4e62002beb0d271454a914e4e5ccbafe2,e3d6273d014e4d4320767dc13d56356e17bfa53a,99527d35a8dabc5e344c1a30052d20ee236dcb2e
06dced01b3df6caa3fa58fd6dc43e03be9bc7ea7,31713ee4e62002beb0d271454a914e4e5ccbafe2,d18a1c2f3c85875c156d4e474947aed30f4dd986
2c631f30f965377e50af16a51cc1806155df1013,22483a7839b1875fe7da214e3e169b8a3b26fbaa,b1cad5855055c2606767e1bfbbcaa8a7e1825d44
962f1a7def9556f4118ddbc418d47f1ee3e16e79,661270784f00984c6e8337a4ee655652ca48b572,2c631f30f965377e50af16a51cc1806155df1013
e0718b48fe5f90f1a6d8ee64cec76fcd1ad83fa4,962f1a7def9556f4118ddbc418d47f1ee3e16e79,39a6db0dce5df0c30125a00a9601ec0be075b04d
8840b01e972437900fba18507a43f0506fcc1809,12fff5f26efe0f7dee30c70b71df67227deed880,e0718b48fe5f90f1a6d8ee64cec76fcd1ad83fa4
6bf7f4b0dab400e634c8676c0140b7107a7d9b05,36256ad77af4c0b6fb54a58e3f0b6b05c58f11e8,6865b3e16ce875d388e908ab0ac86c2827581cdc
d49b00d95e9ce9833a7f02f67c5d31bb74456712,21efd9600489c4580296b6564ca103db4036fa81,97ad0db66a82473faef243575a46014e55d87b79
f11b7007045371e1d686ffaa5279ffaec4562055,ef46fda725a29a6f3836f97fa926c82e634e69a4,ad8f6d5a3d02efdd5ac49b03fd29c3922b7dc72c
98b00828cbc9698a9003ca617126ec1bdb8c8c99,70344a214b21588670dd3ff23f03a54296411283,82fb6155217e812e69f92c08cb4d884e600ac2e6
3bcf4663f2dbce1d53da424d641a5306aff4f923,98b00828cbc9698a9003ca617126ec1bdb8c8c99,3de8b57202c1626b9aa96b8b440d40a86c1a7f68
8ad3400b0c1a3b89d9dfe9e6e0a892c8d038be27,59e81317447c340725dae3a04899bd788003244f,7244bdedf6e97cf36c56523c9cd45a9b52988ddf
5f9aa8e1f43f6f3892293cc8ad5f4b7411b2ee4a,1ba5e60c84a8e62d6ee47ef4b996a72e85179997,e08cc0ef30def9ff0f77b64d9a052300f6238a3c
fbd72579dd09b688cc09e0f640d4398f2b898ce2,78664a6365a454de6365188509bc579eb5e07e24,674aac188d3fd33e47a95fe291c5be1195163c3b
f1c513768e4da94915e5ce3e42e45a2e99575221,5189da9612afc7b62ff49595a702790c1c502df9,fbd72579dd09b688cc09e0f640d4398f2b898ce2
1a38353c78622c65a2931017b59704b15b27b4e3,3ed70766b4380159c30555f212962fef825f72ab,76c47c85df2bffebe94783b99ef839a0a17d00fe
bb2de5e967cc345c5f8c43a3d2f529dace9858d2,08a4e1b886bbb64f963f302fc0228a06d2ec4c06,1a38353c78622c65a2931017b59704b15b27b4e3
4230e778060bbe451ec2e4e7cf9de50253bd495b,383acdc9670c66af3fde0583e3250443d9fe1911,de22edc3eb934528ba0bd78aeb4c14fb9611d537
62c9a6e7541e9e8cc035fc7421c697ba310bcf39,15fded2a644c741321e8cabb6e9eec1442acd01b,32b111d6dc56db7cc7255dc8e768fb521be55862
e9db1db54d2cbf0b45cb8bc57101282dd24667c8,08553d57a8c202c20d06c459ccac9596d298abbb,d77ee1bd0295bd2537340520cdb0e6aac937f730
44f06224cc44b463a0e8e92eaa1376f118fd08d7,dce8ea6af33b35d0dbb0476a61260f25ec955c30,e8e18fede1ce8ccc5676efc5657931395da64a9f
2788077e6a3a30cb2dc802d687b1272f96f50654,b35d58f257e58dba1ac15bc2ed3e4bbe0afa5bc8,c925c45a7965669cda20e8a0320a5bf74bcee159
9e82adc423c6b76ab885957991ef3cf39d8cb8fe,bbf3102108d63bc78625a557300d2a2910045e15,5eef34fcd37377812a2246fc97be1f62a581e9d1
d487598aa05cbaafa12b026fd650a2011deb1b14,61ebb7d15f3fb305aa141d05eadc8efc22de2e68,15180e406b561528b8e09628af6f0112d2a21be2
75b6676acd2be3feb76da2333df88ee82ee10875,8ec0371ad23182016a6f75f04783e62bdab38a46,438f5121b5c158c6033b0e6b331c8bc276be0921
eeb54bd88ce7f8487010c627a29f6a245a1d9fda,58b0aa49ef5c949c3b246ba7a579f4cf6611aa23,483226c38f07d5cec3b6ffd5b0acbaab21b488eb
b6ea2905d026e60988eb64af10246a51044ff7da,e06c6f15196a3ce2644af4e9fbf6e411b55c4cf9,eeb54bd88ce7f8487010c627a29f6a245a1d9fda
a13833c18b77e37551bac114d85ca13cf88b0716,d331033dc0cd0751fc67f6b8cd504bf42b7ef330,a317d47b3b99938de67e7e58102ab6e296bd05bd
f0cafcc76364da647cdded16995f307a5e29c06b,12ba71a1572fe574518717a50c3b41dc88e16256,38e9f313c5c7337f7242c50749339ca0edd51f22
3f5c108b810f7eebb29b9d2220cad6015b1b3032,a6b06b50ae4239079f21c909daaca7b7cb8e4156,a317d47b3b99938de67e7e58102ab6e296bd05bd
30f1a0587206d8b2a5748238d0e16487bd261eef,13c9f8d8c2fdbeb652a32fb800d41d4fd17d1a64,a6b06b50ae4239079f21c909daaca7b7cb8e4156
783fa978c24107ee03d0fc3205da509f090ab5f3,b59fe4f64bcdcf4595e7ccb639d873d581c471ae,13c9f8d8c2fdbeb652a32fb800d41d4fd17d1a64
71ca3c922c641a7ff3d2220336d3dc3c36f0e6cf,e9195afcde4b5d9dc3c18d0a09c668cf451be0b7,b59fe4f64bcdcf4595e7ccb639d873d581c471ae
b8ef89c72d9102f62781201ee8b0b5b975a0eb91,77ae3bad32621bc7192b2394aaabcf2a3cb81e8e,cb5a5d43c44b97e9b77a763bde2d5658f13a2d97
873e98d74d7fb05752afd5f2b4d401a7480c069c,3e6c80af773d8035d0850d0df2a3c8ede15e77ae,b8ef89c72d9102f62781201ee8b0b5b975a0eb91
15fb3da1de9d06b2bd000fb89232da399e96f456,d1a9038a0ce62ec5bc412ca014325b5ffcdb34dc,35841c20ae549f7c2ac493d2210f1a6665db91c9
